date,regime,window,atr_mult,gain,bars,max_up,max_drop,bars_held,bars_to_35
2025-11-23 12:00,up,1,3,9.1,9,0.34,3.26,3,
2025-11-26 00:00,up,1,3,7.87,11,1.85,8.86,23,15
2025-12-02 00:00,up,1,3,12.11,7,0.66,0.65,,9
2025-12-09 06:00,up,1,3,7.83,8,0,10.03,,6
2025-12-17 06:00,up,1,3,6.22,7,0.26,6.59,,1
2025-12-20 00:00,up,1,3,5.5,10,1.16,1.69,4,
2025-12-28 18:00,up,1,3,4.56,18,0.63,4,23,2
2026-01-02 06:00,up,1,3,4.82,16,0.72,1.85,6,
2026-01-04 18:00,up,1,3,4.62,7,1.12,1.37,2,
2026-01-11 18:00,up,1,3,3.64,14,1.32,2.62,6,
2026-01-13 12:00,up,1,3,7.55,5,0.9,2.53,3,
2026-01-28 06:00,up,1,3,5.31,11,0,27.01,,4
2026-02-06 12:00,up,2,3,19.92,3,0.82,9.25,,2
2026-02-13 00:00,up,2,3,8.42,6,0.54,7.03,,6
2026-02-25 12:00,up,2,3,12.17,5,2.7,10.03,26,3
2026-02-28 18:00,up,2,3,8.27,3,2.8,4.66,6,2
2026-03-04 12:00,up,2,3,13.9,12,0,11.45,,3
2026-03-10 06:00,up,2,3,9.42,7,1.11,3.92,11,3
2026-03-13 06:00,up,2,3,7.16,8,0.78,4.89,10,1
2026-03-15 18:00,up,2,3,5.96,7,0.59,2.15,3,
2026-03-25 00:00,up,2,3,6.98,10,0,9.84,,4
2026-04-01 00:00,up,2,3,6.73,10,1.39,5.21,20,3
2026-04-06 06:00,up,2,3,7.09,16,3.43,3.73,5,4
2026-04-07 12:00,up,2,3,7.43,1,0.7,3.18,11,
2026-04-11 12:00,up,2,3,4.75,11,1.49,4.49,8,3
2026-04-13 12:00,up,2,3,6.26,4,1.52,1.9,9,
2026-04-17 06:00,up,2,3,6.88,4,1.46,5.91,20,5
2026-04-21 18:00,up,2,3,6.49,8,1.27,0.86,2,
2026-05-01 06:00,up,2,3,5.36,7,2.17,1.47,10,
2026-05-03 18:00,up,2,3,3.7,9,0.85,3.05,4,
2026-05-05 12:00,up,2,3,4.63,6,1.33,1.34,2,
2026-05-10 12:00,up,2,3,4.2,11,0,7.82,,11
2026-05-23 12:00,up,2,3,4.34,2,0.6,1.77,7,
2024-03-13 00:00,down,3,3,7.51,3,0.17,17.56,,5
2024-03-24 18:00,down,3,3,11.48,20,4.59,1.53,2,
2024-03-30 18:00,down,3,3,5.71,23,0.38,0.5,2,
2024-04-04 12:00,down,3,3,7.49,7,0.68,4.85,9,1
2024-04-07 06:00,down,3,3,6.71,8,3.35,2.15,3,
2024-04-15 00:00,down,3,3,12.11,6,0.52,10.97,,1
2024-04-20 18:00,down,3,3,10.31,8,1.08,2.23,4,
2024-05-04 00:00,down,3,3,14.17,12,1.48,6.86,,14
2024-05-15 18:00,down,3,3,10.86,22,1.14,3.12,6,
2024-05-19 00:00,down,3,3,4.93,11,1.25,2.83,5,
2024-05-20 18:00,down,3,3,9.56,5,0,8.28,,3
2024-05-25 12:00,down,3,3,4.89,8,1.95,1.79,7,
2024-06-03 06:00,down,3,3,5.51,12,0.99,2.53,4,
2024-06-05 06:00,down,3,3,4.71,5,0.44,8.11,,9
2024-06-12 06:00,down,3,3,6.1,4,0,8.59,,1
2024-06-25 18:00,down,3,3,7.3,5,0.95,3.89,19,11
2024-06-30 18:00,down,3,3,6.27,9,0.08,16.41,,8
2024-07-06 12:00,down,3,3,9.64,7,1.67,7.23,13,4
2024-07-09 18:00,down,3,3,9.6,8,1.43,4.96,16,3
2024-07-14 00:00,down,3,3,6.9,9,1.68,1.59,2,
2024-07-15 18:00,down,3,3,9.34,6,0.61,4.06,3,1
2024-07-19 12:00,down,3,3,8.04,14,0.42,1.79,3,
2024-07-25 18:00,down,3,3,6.33,2,1.08,0.92,3,
2024-08-05 18:00,down,3,3,15.07,3,1.15,3.5,2,
2024-08-08 12:00,down,3,3,15.56,9,0,10.79,,2
2024-08-17 18:00,down,3,3,7.65,9,1.89,4.15,8,5
2024-08-19 18:00,down,3,3,6.3,3,2.63,4.7,14,2
2024-08-23 12:00,down,3,3,11.11,13,0.27,11.5,,13
2024-09-09 12:00,down,3,3,10.75,12,0.78,4.54,11,5
2024-09-13 12:00,down,3,3,9.15,9,1.23,5.2,15,9
2024-09-17 06:00,down,3,3,6.79,4,0.68,3.6,5,4
2024-09-19 06:00,down,3,3,7.93,4,1.4,2.37,21,
2024-12-15 18:00,down,4,3,7.58,12,0.47,3.19,2,
2024-12-24 00:00,down,4,3,7.64,19,0.26,1.77,2,
2025-01-02 12:00,down,4,3,6.9,13,0.61,1.8,3,
2025-01-05 18:00,down,4,3,3.98,11,2.56,1.23,2,
2025-01-12 18:00,down,4,3,5.36,13,1.48,7.32,5,1
2025-01-13 00:00,down,4,3,9.5,3,2.46,2.1,5,
2025-01-17 12:00,down,4,3,10.99,13,3.99,5.94,10,8
2025-01-19 00:00,down,4,3,10.55,1,0,11.2,,1
2025-01-29 18:00,down,4,3,8.07,11,0.84,13.67,,7
2025-02-03 12:00,down,4,3,12.43,3,0,7.62,,1
2025-02-14 06:00,down,4,3,5.09,8,0.65,5.54,,12
2025-02-20 12:00,down,4,3,5.72,8,0.78,20.74,,4
2025-02-28 18:00,down,4,3,10.63,3,9.77,2.58,6,
2025-03-02 06:00,down,4,3,12.68,4,0,17.7,,3
2025-03-05 18:00,down,4,3,14.26,6,0,17.48,,2
2025-03-14 06:00,down,4,3,11.38,14,2.02,4.87,21,9
2025-03-19 18:00,down,4,3,7.87,6,0.46,5,17,2
2025-03-24 06:00,down,4,3,6.77,12,0,8.48,,15
2025-04-01 12:00,down,4,3,5.38,7,1.98,2.04,3,
2025-04-07 06:00,down,4,3,9.06,1,1.33,8.15,8,1
2025-04-09 12:00,down,4,3,12.04,3,0.59,6.15,7,3
2025-04-12 18:00,down,4,3,9.8,10,1.86,3.61,32,3
2025-04-21 06:00,down,4,3,6.54,31,0.49,2.08,3,
